t_id,s_id,latitude,longitude,Availability,street,city,zipcode,model,x,y
S1-T1,S1,48.855667,2.354089,0,4 PLACE SAINT GERVAIS,Paris,75004,"T3, E/F, CHAdeMO, Combo, T2",7263.558638,4527.05044
S1-T2,S1,48.855667,2.354089,1,4 PLACE SAINT GERVAIS,Paris,75004,E/F,7263.558638,4527.05044
S1-T3,S1,48.855667,2.354089,0,4 PLACE SAINT GERVAIS,Paris,75004,"E/F, CHAdeMO, T2, T3, Combo",7263.558638,4527.05044
S10-T1,S10,48.86424,2.397724,1,13 AVENUE DU PÈRE LACHAISE,Paris,75020,"Combo, T3, T2, CHAdeMO, E/F",10462.15163,5481.3968
S10-T2,S10,48.86424,2.397724,1,13 AVENUE DU PÈRE LACHAISE,Paris,75020,E/F,10462.15163,5481.3968
S10-T3,S10,48.86424,2.397724,0,13 AVENUE DU PÈRE LACHAISE,Paris,75020,"CHAdeMO, E/F, Combo, T3, T2",10462.15163,5481.3968
S11-T1,S11,48.861016,2.28308,1,24 AVENUE PAUL DOUMER,Paris,75016,"T2, CHAdeMO, T3, E/F, Combo",2058.358915,5122.50112
S11-T2,S11,48.861016,2.28308,1,24 AVENUE PAUL DOUMER,Paris,75016,E/F,2058.358915,5122.50112
S11-T3,S11,48.861016,2.28308,0,24 AVENUE PAUL DOUMER,Paris,75016,"T2, E/F, CHAdeMO, T3, Combo",2058.358915,5122.50112
S12-T1,S12,48.824388,2.336857,0,46 AVENUE REILLE,Paris,75014,"Combo, T2, CHAdeMO, T3, E/F",6000.394791,1045.07216
S12-T2,S12,48.824388,2.336857,1,46 AVENUE REILLE,Paris,75014,E/F,6000.394791,1045.07216
S12-T3,S12,48.824388,2.336857,1,46 AVENUE REILLE,Paris,75014,"Combo, T2, E/F, CHAdeMO, T3",6000.394791,1045.07216
S13-T1,S13,48.88264,2.335728,1,31 BOULEVARD DE CLICHY,Paris,75009,"T2, Combo, CHAdeMO, T3, E/F",5917.635275,7529.6848
S13-T2,S13,48.88264,2.335728,1,31 BOULEVARD DE CLICHY,Paris,75009,E/F,5917.635275,7529.6848
S13-T3,S13,48.88264,2.335728,1,31 BOULEVARD DE CLICHY,Paris,75009,"T2, T3, Combo, CHAdeMO, E/F",5917.635275,7529.6848
S14-T1,S14,48.840977,2.317465,0,43 BOULEVARD DE VAUGIRARD,Paris,75015,"E/F, CHAdeMO, T3, Combo, T2",4578.895643,2891.75964
S14-T2,S14,48.840977,2.317465,1,43 BOULEVARD DE VAUGIRARD,Paris,75015,E/F,4578.895643,2891.75964
S14-T3,S14,48.840977,2.317465,1,43 BOULEVARD DE VAUGIRARD,Paris,75015,"T3, E/F, T2, CHAdeMO, Combo",4578.895643,2891.75964
S15-T1,S15,48.846295,2.3748774,0,2 Rue Abel,Paris,75012,"E/F, T3, Combo, CHAdeMO, T2",8787.418627,3483.7594
S15-T2,S15,48.846295,2.3748774,1,2 Rue Abel,Paris,75012,E/F,8787.418627,3483.7594
S15-T3,S15,48.846295,2.3748774,1,2 Rue Abel,Paris,75012,"E/F, Combo, CHAdeMO, T2, T3",8787.418627,3483.7594
S16-T1,S16,48.889731,2.33891,1,103 RUE CAULAINCOURT,Paris,75018,"T3, T2, Combo, CHAdeMO, E/F",6150.886631,8319.05492
S16-T2,S16,48.889731,2.33891,1,103 RUE CAULAINCOURT,Paris,75018,E/F,6150.886631,8319.05492
S16-T3,S16,48.889731,2.33891,0,103 RUE CAULAINCOURT,Paris,75018,"T2, CHAdeMO, E/F, T3, Combo",6150.886631,8319.05492
S17-T1,S17,48.8452653,2.4112383,1,4 Rue Changarnier,Paris,75012,"T3, T2, Combo, CHAdeMO, E/F",11452.7955,3369.133196
S17-T2,S17,48.8452653,2.4112383,1,4 Rue Changarnier,Paris,75012,E/F,11452.7955,3369.133196
S17-T3,S17,48.8452653,2.4112383,1,4 Rue Changarnier,Paris,75012,"CHAdeMO, T3, Combo, E/F, T2",11452.7955,3369.133196
S18-T1,S18,48.846761,2.268339,0,2 RUE CHARDON LAGACHE,Paris,75016,"E/F, T3, CHAdeMO, T2, Combo",977.7937882,3535.63452
S18-T2,S18,48.846761,2.268339,1,2 RUE CHARDON LAGACHE,Paris,75016,E/F,977.7937882,3535.63452
S18-T3,S18,48.846761,2.268339,1,2 RUE CHARDON LAGACHE,Paris,75016,"Combo, T2, E/F, T3, CHAdeMO",977.7937882,3535.63452
S19-T1,S19,48.877409,2.392178,1,27 RUE DE CRIMEE,Paris,75019,"T2, CHAdeMO, T3, E/F, Combo",10055.61109,6947.36988
S19-T2,S19,48.877409,2.392178,1,27 RUE DE CRIMEE,Paris,75019,E/F,10055.61109,6947.36988
S19-T3,S19,48.877409,2.392178,0,27 RUE DE CRIMEE,Paris,75019,"E/F, T2, Combo, T3, CHAdeMO",10055.61109,6947.36988
S2-T1,S2,48.878897,2.355064,1,137 RUE LA FAYETTE,Paris,75010,"CHAdeMO, T3, Combo, E/F, T2",7335.029434,7113.01404
S2-T2,S2,48.878897,2.355064,1,137 RUE LA FAYETTE,Paris,75010,E/F,7335.029434,7113.01404
S2-T3,S2,48.878897,2.355064,1,137 RUE LA FAYETTE,Paris,75010,"CHAdeMO, Combo, E/F, T3, T2",7335.029434,7113.01404
S20-T1,S20,48.882718,2.319768,1,81 RUE DE ROME,Paris,75017,"T2, CHAdeMO, E/F, Combo, T3",4747.713327,7538.36776
S20-T2,S20,48.882718,2.319768,1,81 RUE DE ROME,Paris,75017,E/F,4747.713327,7538.36776
S20-T3,S20,48.882718,2.319768,0,81 RUE DE ROME,Paris,75017,"T2, CHAdeMO, Combo, E/F, T3",4747.713327,7538.36776
S21-T1,S21,48.8260387,2.3581456,1,145 Rue de Tolbiac,Paris,75013,"T3, T2, E/F, CHAdeMO, Combo",7560.92113,1228.828084
S21-T2,S21,48.8260387,2.3581456,1,145 Rue de Tolbiac,Paris,75013,E/F,7560.92113,1228.828084
S21-T3,S21,48.8260387,2.3581456,1,145 Rue de Tolbiac,Paris,75013,"T3, Combo, T2, E/F, CHAdeMO",7560.92113,1228.828084
S22-T1,S22,48.841529,2.298576,1,170 RUE LECOURBE,Paris,75015,"T2, Combo, CHAdeMO, T3, E/F",3194.268095,2953.20828
S22-T2,S22,48.841529,2.298576,0,170 RUE LECOURBE,Paris,75015,E/F,3194.268095,2953.20828
S22-T3,S22,48.841529,2.298576,1,170 RUE LECOURBE,Paris,75015,"E/F, T2, T3, Combo, CHAdeMO",3194.268095,2953.20828
S23-T1,S23,48.865358,2.3779388,1,94 Rue Saint-Maur,Paris,75011,"E/F, CHAdeMO, T3, Combo, T2",9011.829595,5605.85256
S23-T2,S23,48.865358,2.3779388,0,94 Rue Saint-Maur,Paris,75011,E/F,9011.829595,5605.85256
S23-T3,S23,48.865358,2.3779388,1,94 Rue Saint-Maur,Paris,75011,"T3, E/F, CHAdeMO, T2, Combo",9011.829595,5605.85256
S24-T1,S24,48.841742,2.375639,1,20 RUE VILLIOT,Paris,75012,"CHAdeMO, E/F, T2, T3, Combo",8843.246481,2976.91944
S24-T2,S24,48.841742,2.375639,0,20 RUE VILLIOT,Paris,75012,E/F,8843.246481,2976.91944
S24-T3,S24,48.841742,2.375639,1,20 RUE VILLIOT,Paris,75012,"CHAdeMO, Combo, T2, T3, E/F",8843.246481,2976.91944
S25-T1,S25,48.89311,2.34066,1,110 RUE ORDENER,Paris,75018,"Combo, T2, T3, E/F, CHAdeMO",6279.167546,8695.2052
S25-T2,S25,48.89311,2.34066,1,110 RUE ORDENER,Paris,75018,E/F,6279.167546,8695.2052
S25-T3,S25,48.89311,2.34066,1,110 RUE ORDENER,Paris,75018,"Combo, CHAdeMO, T3, E/F, T2",6279.167546,8695.2052
S26-T1,S26,48.865311,2.343436,1,44 RUE ETIENNE MARCEL,Paris,75001,"CHAdeMO, E/F, Combo, T2, T3",6482.657729,5600.62052
S26-T2,S26,48.865311,2.343436,0,44 RUE ETIENNE MARCEL,Paris,75001,E/F,6482.657729,5600.62052
S26-T3,S26,48.865311,2.343436,1,44 RUE ETIENNE MARCEL,Paris,75001,"E/F, Combo, CHAdeMO, T2, T3",6482.657729,5600.62052
S27-T1,S27,48.86003,2.34046,1,1 RUE DE L'AMIRAL DE COLIGNY,Paris,75001,"T2, CHAdeMO, E/F, Combo, T3",6264.50687,5012.7396
S27-T2,S27,48.86003,2.34046,0,1 RUE DE L'AMIRAL DE COLIGNY,Paris,75001,E/F,6264.50687,5012.7396
S27-T3,S27,48.86003,2.34046,1,1 RUE DE L'AMIRAL DE COLIGNY,Paris,75001,"Combo, T2, T3, CHAdeMO, E/F",6264.50687,5012.7396
S28-T1,S28,48.864719,2.359043,1,5 RUE DE REAUMUR,Paris,75003,"CHAdeMO, T2, Combo, E/F, T3",7626.703584,5534.71908
S28-T2,S28,48.864719,2.359043,1,5 RUE DE REAUMUR,Paris,75003,E/F,7626.703584,5534.71908
S28-T3,S28,48.864719,2.359043,0,5 RUE DE REAUMUR,Paris,75003,"E/F, T3, CHAdeMO, Combo, T2",7626.703584,5534.71908
S29-T1,S29,48.854057,2.34556,1,4 QUAI DU MARCHE NEUF,Paris,75004,"CHAdeMO, T3, E/F, Combo, T2",6638.354109,4347.82524
S29-T2,S29,48.854057,2.34556,1,4 QUAI DU MARCHE NEUF,Paris,75004,E/F,6638.354109,4347.82524
S29-T3,S29,48.854057,2.34556,1,4 QUAI DU MARCHE NEUF,Paris,75004,"E/F, T3, T2, CHAdeMO, Combo",6638.354109,4347.82524
S3-T1,S3,48.876162,2.286403,1,77 AVENUE DE LA GRANDE ARMEE,Paris,75016,"Combo, E/F, CHAdeMO, T2, T3",2301.946048,6808.55384
S3-T2,S3,48.876162,2.286403,1,77 AVENUE DE LA GRANDE ARMEE,Paris,75016,E/F,2301.946048,6808.55384
S3-T3,S3,48.876162,2.286403,1,77 AVENUE DE LA GRANDE ARMEE,Paris,75016,"T3, Combo, E/F, CHAdeMO, T2",2301.946048,6808.55384
S30-T1,S30,48.845715,2.345032,1,17 PLACE DU PANTHEON,Paris,75005,"Combo, CHAdeMO, T2, T3, E/F",6599.649924,3419.1938
S30-T2,S30,48.845715,2.345032,1,17 PLACE DU PANTHEON,Paris,75005,E/F,6599.649924,3419.1938
S30-T3,S30,48.845715,2.345032,1,17 PLACE DU PANTHEON,Paris,75005,"T2, E/F, T3, Combo, CHAdeMO",6599.649924,3419.1938
S31-T1,S31,48.85104,2.345493,0,32 RUE SAINT JACQUES,Paris,75005,"E/F, T3, Combo, CHAdeMO, T2",6633.442782,4011.9728
S31-T2,S31,48.85104,2.345493,0,32 RUE SAINT JACQUES,Paris,75005,E/F,6633.442782,4011.9728
S31-T3,S31,48.85104,2.345493,1,32 RUE SAINT JACQUES,Paris,75005,"CHAdeMO, E/F, T3, Combo, T2",6633.442782,4011.9728
S32-T1,S32,48.84477,2.35242,0,55 RUE MONGE,Paris,75005,"T2, Combo, CHAdeMO, T3, E/F",7141.215297,3313.9964
S32-T2,S32,48.84477,2.35242,1,55 RUE MONGE,Paris,75005,E/F,7141.215297,3313.9964
S32-T3,S32,48.84477,2.35242,0,55 RUE MONGE,Paris,75005,"CHAdeMO, T3, T2, Combo, E/F",7141.215297,3313.9964
S33-T1,S33,48.8524588,2.3414834,1,7 RUE DANTON,Paris,75006,"E/F, CHAdeMO, T2, T3, Combo",6339.525549,4169.913616
S33-T2,S33,48.8524588,2.3414834,0,7 RUE DANTON,Paris,75006,E/F,6339.525549,4169.913616
S33-T3,S33,48.8524588,2.3414834,0,7 RUE DANTON,Paris,75006,"T3, Combo, CHAdeMO, T2, E/F",6339.525549,4169.913616
S34-T1,S34,48.8521255,2.3313459,1,66 RUE DE RENNES,Paris,75006,"E/F, Combo, T2, CHAdeMO, T3",5596.412533,4132.81066
S34-T2,S34,48.8521255,2.3313459,0,66 RUE DE RENNES,Paris,75006,E/F,5596.412533,4132.81066
S34-T3,S34,48.8521255,2.3313459,1,66 RUE DE RENNES,Paris,75006,"E/F, Combo, CHAdeMO, T3, T2",5596.412533,4132.81066
S35-T1,S35,48.849911,2.307126,1,10 AV DE SAXE,Paris,75007,"E/F, T3, Combo, T2, CHAdeMO",3821.011995,3886.29252
S35-T2,S35,48.849911,2.307126,0,10 AV DE SAXE,Paris,75007,E/F,3821.011995,3886.29252
S35-T3,S35,48.849911,2.307126,0,10 AV DE SAXE,Paris,75007,"E/F, T3, Combo, T2, CHAdeMO",3821.011995,3886.29252
S36-T1,S36,48.857552,2.30437,0,47 AV BOSQUET,Paris,75007,"T2, T3, E/F, Combo, CHAdeMO",3618.987879,4736.88864
S36-T2,S36,48.857552,2.30437,1,47 AV BOSQUET,Paris,75007,E/F,3618.987879,4736.88864
S36-T3,S36,48.857552,2.30437,1,47 AV BOSQUET,Paris,75007,"T2, T3, E/F, Combo, CHAdeMO",3618.987879,4736.88864
S37-T1,S37,48.857124,2.327753,0,35 RUE DU BAC,Paris,75007,"T3, E/F, CHAdeMO, T2, Combo",5333.040818,4689.24368
S37-T2,S37,48.857124,2.327753,1,35 RUE DU BAC,Paris,75007,E/F,5333.040818,4689.24368
S37-T3,S37,48.857124,2.327753,1,35 RUE DU BAC,Paris,75007,"T3, E/F, CHAdeMO, T2, Combo",5333.040818,4689.24368
S38-T1,S38,48.847931,2.309952,1,2 RUE PERIGNON,Paris,75007,"E/F, Combo, T3, T2, CHAdeMO",4028.167348,3665.87892
S38-T2,S38,48.847931,2.309952,1,2 RUE PERIGNON,Paris,75007,E/F,4028.167348,3665.87892
S38-T3,S38,48.847931,2.309952,1,2 RUE PERIGNON,Paris,75007,"E/F, CHAdeMO, T3, T2, Combo",4028.167348,3665.87892
S39-T1,S39,48.852665,2.31368,1,9 AVENUE DE VILLARS,Paris,75007,"T3, E/F, CHAdeMO, T2, Combo",4301.442349,4192.8678
S39-T2,S39,48.852665,2.31368,1,9 AVENUE DE VILLARS,Paris,75007,E/F,4301.442349,4192.8678
S39-T3,S39,48.852665,2.31368,1,9 AVENUE DE VILLARS,Paris,75007,"T3, T2, E/F, Combo, CHAdeMO",4301.442349,4192.8678
S4-T1,S4,48.871465,2.289894,0,45 AVENUE VICTOR HUGO,Paris,75016,"CHAdeMO, T2, T3, E/F, Combo",2557.848148,6285.6838
S4-T2,S4,48.871465,2.289894,1,45 AVENUE VICTOR HUGO,Paris,75016,E/F,2557.848148,6285.6838
S4-T3,S4,48.871465,2.289894,0,45 AVENUE VICTOR HUGO,Paris,75016,"E/F, CHAdeMO, T3, Combo, T2",2557.848148,6285.6838
S41-T1,S41,48.86937,2.303269,1,55 RUE PIERRE CHARRON,Paris,75008,"T2, E/F, CHAdeMO, T3, Combo",3538.280858,6052.4684
S41-T2,S41,48.86937,2.303269,1,55 RUE PIERRE CHARRON,Paris,75008,E/F,3538.280858,6052.4684
S41-T3,S41,48.86937,2.303269,1,55 RUE PIERRE CHARRON,Paris,75008,"CHAdeMO, E/F, Combo, T2, T3",3538.280858,6052.4684
S42-T1,S42,48.875854,2.309542,1,2 RUE LOUIS MURAT,Paris,75008,"Combo, E/F, T3, CHAdeMO, T2",3998.112962,6774.26728
S42-T2,S42,48.875854,2.309542,1,2 RUE LOUIS MURAT,Paris,75008,E/F,3998.112962,6774.26728
S42-T3,S42,48.875854,2.309542,0,2 RUE LOUIS MURAT,Paris,75008,"Combo, T3, E/F, T2, CHAdeMO",3998.112962,6774.26728
S45-T1,S45,48.858952,2.379874,1,4 AVENUE PARMENTIER,Paris,75011,"T2, Combo, E/F, T3, CHAdeMO",9153.686296,4892.73664
S45-T2,S45,48.858952,2.379874,1,4 AVENUE PARMENTIER,Paris,75011,E/F,9153.686296,4892.73664
S45-T3,S45,48.858952,2.379874,1,4 AVENUE PARMENTIER,Paris,75011,"T2, Combo, CHAdeMO, E/F, T3",9153.686296,4892.73664
S46-T1,S46,48.847485,2.401736,0,66 COURS DE VINCENNES,Paris,75012,"Combo, CHAdeMO, T2, E/F, T3",10756.24479,3616.2302
S46-T2,S46,48.847485,2.401736,1,66 COURS DE VINCENNES,Paris,75012,E/F,10756.24479,3616.2302
S46-T3,S46,48.847485,2.401736,0,66 COURS DE VINCENNES,Paris,75012,"Combo, T2, E/F, T3, CHAdeMO",10756.24479,3616.2302
S47-T1,S47,48.820007,2.365661,1,107 BOULEVARD MASSENA,Paris,75013,"CHAdeMO, Combo, T3, E/F, T2",8111.825354,557.37924
S47-T2,S47,48.820007,2.365661,1,107 BOULEVARD MASSENA,Paris,75013,E/F,8111.825354,557.37924
S47-T3,S47,48.820007,2.365661,0,107 BOULEVARD MASSENA,Paris,75013,"T2, E/F, Combo, T3, CHAdeMO",8111.825354,557.37924
S48-T1,S48,48.832893,2.363025,1,137 BD VINCENT AURIOL,Paris,75013,"T3, E/F, Combo, CHAdeMO, T2",7918.597644,1991.84876
S48-T2,S48,48.832893,2.363025,0,137 BD VINCENT AURIOL,Paris,75013,E/F,7918.597644,1991.84876
S48-T3,S48,48.832893,2.363025,1,137 BD VINCENT AURIOL,Paris,75013,"T3, E/F, Combo, CHAdeMO, T2",7918.597644,1991.84876
S49-T1,S49,48.831448,2.320052,1,47 RUE DIDOT,Paris,75014,"Combo, E/F, T3, CHAdeMO, T2",4768.531487,1830.99136
S49-T2,S49,48.831448,2.320052,0,47 RUE DIDOT,Paris,75014,E/F,4768.531487,1830.99136
S49-T3,S49,48.831448,2.320052,0,47 RUE DIDOT,Paris,75014,"CHAdeMO, Combo, E/F, T3, T2",4768.531487,1830.99136
S5-T1,S5,48.865501,2.315463,0,3 AV DUTUIT,Paris,75008,"T2, T3, CHAdeMO, Combo, E/F",4432.142276,5621.77132
S5-T2,S5,48.865501,2.315463,1,3 AV DUTUIT,Paris,75008,E/F,4432.142276,5621.77132
S5-T3,S5,48.865501,2.315463,1,3 AV DUTUIT,Paris,75008,"CHAdeMO, Combo, E/F, T2, T3",4432.142276,5621.77132
S50-T1,S50,48.83086,2.325895,1,173 AV DU MAINE,Paris,75014,"E/F, Combo, CHAdeMO, T2, T3",5196.843138,1765.5352
S50-T2,S50,48.83086,2.325895,1,173 AV DU MAINE,Paris,75014,E/F,5196.843138,1765.5352
S50-T3,S50,48.83086,2.325895,1,173 AV DU MAINE,Paris,75014,"T2, Combo, CHAdeMO, T3, E/F",5196.843138,1765.5352
S51-T1,S51,48.841198,2.323891,1,9 BD EDGARD QUINET,Paris,75014,"CHAdeMO, T3, Combo, E/F, T2",5049.943164,2916.36136
S51-T2,S51,48.841198,2.323891,1,9 BD EDGARD QUINET,Paris,75014,E/F,5049.943164,2916.36136
S51-T3,S51,48.841198,2.323891,1,9 BD EDGARD QUINET,Paris,75014,"T3, Combo, CHAdeMO, E/F, T2",5049.943164,2916.36136
S52-T1,S52,48.86154,2.31159,1,22 RUE FABERT,Paris,75007,"CHAdeMO, T2, Combo, T3, E/F",4148.238284,5180.8328
S52-T2,S52,48.86154,2.31159,1,22 RUE FABERT,Paris,75007,E/F,4148.238284,5180.8328
S52-T3,S52,48.86154,2.31159,1,22 RUE FABERT,Paris,75007,"T3, T2, E/F, CHAdeMO, Combo",4148.238284,5180.8328
S53-T1,S53,48.835709,2.286912,1,55 RUE DESNOUETTES,Paris,75015,"T3, CHAdeMO, Combo, E/F, T2",2339.257468,2305.32588
S53-T2,S53,48.835709,2.286912,1,55 RUE DESNOUETTES,Paris,75015,E/F,2339.257468,2305.32588
S53-T3,S53,48.835709,2.286912,0,55 RUE DESNOUETTES,Paris,75015,"T3, T2, E/F, CHAdeMO, Combo",2339.257468,2305.32588
S56-T1,S56,48.828454,2.3006428,1,2 Rue Antonin Mercié,Paris,75015,"T3, Combo, E/F, T2, CHAdeMO",3345.771521,1497.69928
S56-T2,S56,48.828454,2.3006428,1,2 Rue Antonin Mercié,Paris,75015,E/F,3345.771521,1497.69928
S56-T3,S56,48.828454,2.3006428,1,2 Rue Antonin Mercié,Paris,75015,"E/F, T3, Combo, T2, CHAdeMO",3345.771521,1497.69928
S57-T1,S57,48.885689,2.297463,1,4 AV GOURGAUD,Paris,75017,"CHAdeMO, T3, T2, Combo, E/F",3112.681433,7869.09948
S57-T2,S57,48.885689,2.297463,1,4 AV GOURGAUD,Paris,75017,E/F,3112.681433,7869.09948
S57-T3,S57,48.885689,2.297463,1,4 AV GOURGAUD,Paris,75017,"T2, CHAdeMO, T3, Combo, E/F",3112.681433,7869.09948
S58-T1,S58,48.879654,2.302442,1,83 RUE DE COURCELLES,Paris,75017,"T3, T2, E/F, CHAdeMO, Combo",3477.658962,7197.28328
S58-T2,S58,48.879654,2.302442,1,83 RUE DE COURCELLES,Paris,75017,E/F,3477.658962,7197.28328
S58-T3,S58,48.879654,2.302442,1,83 RUE DE COURCELLES,Paris,75017,"CHAdeMO, T2, Combo, T3, E/F",3477.658962,7197.28328
S59-T1,S59,48.883282,2.286938,0,2 AV DE LA PORTE DE VILLIERS,Paris,75017,"CHAdeMO, Combo, T3, T2, E/F",2341.163356,7601.15224
S59-T2,S59,48.883282,2.286938,0,2 AV DE LA PORTE DE VILLIERS,Paris,75017,E/F,2341.163356,7601.15224
S59-T3,S59,48.883282,2.286938,1,2 AV DE LA PORTE DE VILLIERS,Paris,75017,"E/F, T3, CHAdeMO, Combo, T2",2341.163356,7601.15224
S6-T1,S6,48.882794,2.382705,1,4 PLACE ARMAND CARREL,Paris,75019,"Combo, T2, CHAdeMO, E/F, T3",9361.208166,7546.82808
S6-T2,S6,48.882794,2.382705,1,4 PLACE ARMAND CARREL,Paris,75019,E/F,9361.208166,7546.82808
S6-T3,S6,48.882794,2.382705,0,4 PLACE ARMAND CARREL,Paris,75019,"E/F, Combo, T2, T3, CHAdeMO",9361.208166,7546.82808
S60-T1,S60,48.874134,2.405196,0,227 AVENUE GAMBETTA,Paris,75020,"T2, Combo, E/F, T3, CHAdeMO",11009.87449,6582.79688
S60-T2,S60,48.874134,2.405196,1,227 AVENUE GAMBETTA,Paris,75020,E/F,11009.87449,6582.79688
S60-T3,S60,48.874134,2.405196,1,227 AVENUE GAMBETTA,Paris,75020,"Combo, E/F, T3, T2, CHAdeMO",11009.87449,6582.79688
S62-T1,S62,48.880698,2.321369,1,72 RUE DE ROME,Paris,75008,"Combo, CHAdeMO, T3, E/F, T2",4865.072039,7313.50136
S62-T2,S62,48.880698,2.321369,1,72 RUE DE ROME,Paris,75008,E/F,4865.072039,7313.50136
S62-T3,S62,48.880698,2.321369,1,72 RUE DE ROME,Paris,75008,"E/F, CHAdeMO, Combo, T2, T3",4865.072039,7313.50136
S63-T1,S63,48.870628,2.33321,1,7 BOULEVARD DES CAPUCINES,Paris,75002,"CHAdeMO, E/F, Combo, T2, T3",5733.057364,6192.50896
S63-T2,S63,48.870628,2.33321,1,7 BOULEVARD DES CAPUCINES,Paris,75002,E/F,5733.057364,6192.50896
S63-T3,S63,48.870628,2.33321,1,7 BOULEVARD DES CAPUCINES,Paris,75002,"E/F, Combo, CHAdeMO, T2, T3",5733.057364,6192.50896
S64-T1,S64,48.865788,2.342244,1,52 RUE ETIENNE MARCEL,Paris,75002,"T2, E/F, Combo, CHAdeMO, T3",6395.2801,5653.72016
S64-T2,S64,48.865788,2.342244,1,52 RUE ETIENNE MARCEL,Paris,75002,E/F,6395.2801,5653.72016
S64-T3,S64,48.865788,2.342244,1,52 RUE ETIENNE MARCEL,Paris,75002,"T2, T3, E/F, CHAdeMO, Combo",6395.2801,5653.72016
S65-T1,S65,48.84824,2.339865,1,11 RUE DE MEDICIS,Paris,75006,"T2, E/F, CHAdeMO, T3, Combo",6220.891359,3700.2768
S65-T2,S65,48.84824,2.339865,1,11 RUE DE MEDICIS,Paris,75006,E/F,6220.891359,3700.2768
S65-T3,S65,48.84824,2.339865,1,11 RUE DE MEDICIS,Paris,75006,"Combo, E/F, CHAdeMO, T2, T3",6220.891359,3700.2768
S66-T1,S66,48.851025,2.326367,1,20 RUE DE SEVRES,Paris,75007,"CHAdeMO, E/F, Combo, T2, T3",5231.442333,4010.303
S66-T2,S66,48.851025,2.326367,1,20 RUE DE SEVRES,Paris,75007,E/F,5231.442333,4010.303
S66-T3,S66,48.851025,2.326367,1,20 RUE DE SEVRES,Paris,75007,"CHAdeMO, E/F, T2, Combo, T3",5231.442333,4010.303
S67-T1,S67,48.878799,2.368851,1,9 PLACE DU COLONEL FABIEN,Paris,75010,"T3, E/F, CHAdeMO, T2, Combo",8345.663137,7102.10468
S67-T2,S67,48.878799,2.368851,0,9 PLACE DU COLONEL FABIEN,Paris,75010,E/F,8345.663137,7102.10468
S67-T3,S67,48.878799,2.368851,0,9 PLACE DU COLONEL FABIEN,Paris,75010,"E/F, T2, Combo, CHAdeMO, T3",8345.663137,7102.10468
S68-T1,S68,48.875465,2.360103,0,150 RUE DU FAUBOURG SAINT MARTIN,Paris,75010,"Combo, CHAdeMO, T3, T2, E/F",7704.405167,6730.9638
S68-T2,S68,48.875465,2.360103,1,150 RUE DU FAUBOURG SAINT MARTIN,Paris,75010,E/F,7704.405167,6730.9638
S68-T3,S68,48.875465,2.360103,1,150 RUE DU FAUBOURG SAINT MARTIN,Paris,75010,"Combo, E/F, T3, CHAdeMO, T2",7704.405167,6730.9638
S69-T1,S69,48.847446,2.38804,1,126 BOULEVARD DIDEROT,Paris,75012,"Combo, CHAdeMO, T3, T2, E/F",9752.281699,3611.88872
S69-T2,S69,48.847446,2.38804,1,126 BOULEVARD DIDEROT,Paris,75012,E/F,9752.281699,3611.88872
S69-T3,S69,48.847446,2.38804,0,126 BOULEVARD DIDEROT,Paris,75012,"CHAdeMO, Combo, T2, T3, E/F",9752.281699,3611.88872
S7-T1,S7,48.8534452,2.3868802,1,206 Boulevard Voltaire,Paris,75011,"E/F, T2, CHAdeMO, T3, Combo",9667.264439,4279.719664
S7-T2,S7,48.8534452,2.3868802,1,206 Boulevard Voltaire,Paris,75011,E/F,9667.264439,4279.719664
S7-T3,S7,48.8534452,2.3868802,0,206 Boulevard Voltaire,Paris,75011,"T3, T2, E/F, CHAdeMO, Combo",9667.264439,4279.719664
S70-T1,S70,48.834084,2.405248,1,3 AVENUE DU GENERAL DODDS,Paris,75012,"Combo, T3, E/F, CHAdeMO, T2",11013.68626,2124.43088
S70-T2,S70,48.834084,2.405248,1,3 AVENUE DU GENERAL DODDS,Paris,75012,E/F,11013.68626,2124.43088
S70-T3,S70,48.834084,2.405248,0,3 AVENUE DU GENERAL DODDS,Paris,75012,"E/F, Combo, CHAdeMO, T2, T3",11013.68626,2124.43088
S71-T1,S71,48.826504,2.343366,1,234 RUE DE TOLBIAC,Paris,75013,"T3, E/F, Combo, CHAdeMO, T2",6477.526493,1280.62528
S71-T2,S71,48.826504,2.343366,1,234 RUE DE TOLBIAC,Paris,75013,E/F,6477.526493,1280.62528
S71-T3,S71,48.826504,2.343366,0,234 RUE DE TOLBIAC,Paris,75013,"Combo, T2, E/F, CHAdeMO, T3",6477.526493,1280.62528
S72-T1,S72,48.82085,2.343626,0,77 RUE DE L'AMIRAL MOUCHEZ,Paris,75013,"Combo, CHAdeMO, T2, T3, E/F",6496.585372,651.222
S72-T2,S72,48.82085,2.343626,1,77 RUE DE L'AMIRAL MOUCHEZ,Paris,75013,E/F,6496.585372,651.222
S72-T3,S72,48.82085,2.343626,1,77 RUE DE L'AMIRAL MOUCHEZ,Paris,75013,"T3, E/F, Combo, CHAdeMO, T2",6496.585372,651.222
S74-T1,S74,48.834705,2.305529,1,25 RUE DE VOUILLE,Paris,75015,"Combo, CHAdeMO, T2, E/F, T3",3703.946497,2193.5606
S74-T2,S74,48.834705,2.305529,1,25 RUE DE VOUILLE,Paris,75015,E/F,3703.946497,2193.5606
S74-T3,S74,48.834705,2.305529,1,25 RUE DE VOUILLE,Paris,75015,"CHAdeMO, T2, E/F, Combo, T3",3703.946497,2193.5606
S75-T1,S75,48.846214,2.279884,1,18 AVENUE EMILE ZOLA,Paris,75015,"CHAdeMO, T2, T3, E/F, Combo",1824.081312,3474.74248
S75-T2,S75,48.846214,2.279884,1,18 AVENUE EMILE ZOLA,Paris,75015,E/F,1824.081312,3474.74248
S75-T3,S75,48.846214,2.279884,1,18 AVENUE EMILE ZOLA,Paris,75015,"CHAdeMO, E/F, Combo, T2, T3",1824.081312,3474.74248
S76-T1,S76,48.863602,2.27153,0,101 AVENUE HENRI MARTIN,Paris,75016,"T3, E/F, T2, Combo, CHAdeMO",1211.704874,5410.37464
S76-T2,S76,48.863602,2.27153,1,101 AVENUE HENRI MARTIN,Paris,75016,E/F,1211.704874,5410.37464
S76-T3,S76,48.863602,2.27153,0,101 AVENUE HENRI MARTIN,Paris,75016,"E/F, CHAdeMO, T2, T3, Combo",1211.704874,5410.37464
S77-T1,S77,48.837055,2.259932,1,4 AVENUE MARCEL DORET,Paris,75016,"T3, E/F, Combo, CHAdeMO, T2",361.532271,2455.1626
S77-T2,S77,48.837055,2.259932,1,4 AVENUE MARCEL DORET,Paris,75016,E/F,361.532271,2455.1626
S77-T3,S77,48.837055,2.259932,1,4 AVENUE MARCEL DORET,Paris,75016,"T3, Combo, E/F, CHAdeMO, T2",361.532271,2455.1626
S78-T1,S78,48.846653,2.258213,0,15 BOULEVARD MURAT,Paris,75016,"T2, T3, E/F, Combo, CHAdeMO",235.5237605,3523.61196
S78-T2,S78,48.846653,2.258213,1,15 BOULEVARD MURAT,Paris,75016,E/F,235.5237605,3523.61196
S78-T3,S78,48.846653,2.258213,0,15 BOULEVARD MURAT,Paris,75016,"E/F, CHAdeMO, T2, Combo, T3",235.5237605,3523.61196
S79-T1,S79,48.881168,2.313751,1,12 BOULEVARD DE COURCELLES,Paris,75017,"E/F, Combo, T3, CHAdeMO, T2",4306.646889,7365.82176
S79-T2,S79,48.881168,2.313751,1,12 BOULEVARD DE COURCELLES,Paris,75017,E/F,4306.646889,7365.82176
S79-T3,S79,48.881168,2.313751,1,12 BOULEVARD DE COURCELLES,Paris,75017,"E/F, CHAdeMO, T2, T3, Combo",4306.646889,7365.82176
S8-T1,S8,48.8847205,2.3699612,0,10 Avenue de Flandre,Paris,75019,"T3, E/F, Combo, CHAdeMO, T2",8427.044549,7761.28606
S8-T2,S8,48.8847205,2.3699612,1,10 Avenue de Flandre,Paris,75019,E/F,8427.044549,7761.28606
S8-T3,S8,48.8847205,2.3699612,1,10 Avenue de Flandre,Paris,75019,"Combo, CHAdeMO, T3, E/F, T2",8427.044549,7761.28606
S80-T1,S80,48.897671,2.352758,1,150 RUE DES POISSONIERS,Paris,75018,"T3, E/F, Combo, CHAdeMO, T2",7165.991839,9202.93572
S80-T2,S80,48.897671,2.352758,0,150 RUE DES POISSONIERS,Paris,75018,E/F,7165.991839,9202.93572
S80-T3,S80,48.897671,2.352758,1,150 RUE DES POISSONIERS,Paris,75018,"E/F, CHAdeMO, T2, T3, Combo",7165.991839,9202.93572
S81-T1,S81,48.891102,2.327102,1,60 AVENUE DE SAINT OUEN,Paris,75018,"T3, Combo, CHAdeMO, T2, E/F",5285.320318,8471.67464
S81-T2,S81,48.891102,2.327102,1,60 AVENUE DE SAINT OUEN,Paris,75018,E/F,5285.320318,8471.67464
S81-T3,S81,48.891102,2.327102,1,60 AVENUE DE SAINT OUEN,Paris,75018,"CHAdeMO, E/F, Combo, T3, T2",5285.320318,8471.67464
S82-T1,S82,48.889011,2.371768,1,39 RUE RIQUET,Paris,75019,"T2, T3, CHAdeMO, Combo, E/F",8559.489097,8238.90452
S82-T2,S82,48.889011,2.371768,0,39 RUE RIQUET,Paris,75019,E/F,8559.489097,8238.90452
S82-T3,S82,48.889011,2.371768,1,39 RUE RIQUET,Paris,75019,"T2, Combo, CHAdeMO, T3, E/F",8559.489097,8238.90452
S83-T1,S83,48.880421,2.398476,1,54 BOULEVARD SERURIER,Paris,75019,"Combo, T2, T3, E/F, CHAdeMO",10517.27577,7282.66572
S83-T2,S83,48.880421,2.398476,1,54 BOULEVARD SERURIER,Paris,75019,E/F,10517.27577,7282.66572
S83-T3,S83,48.880421,2.398476,0,54 BOULEVARD SERURIER,Paris,75019,"E/F, Combo, T3, CHAdeMO, T2",10517.27577,7282.66572
S84-T1,S84,48.863766,2.41177,1,104 RUE LOUIS LUMIERE,Paris,75020,"E/F, Combo, T2, CHAdeMO, T3",11491.77091,5428.63112
S84-T2,S84,48.863766,2.41177,1,104 RUE LOUIS LUMIERE,Paris,75020,E/F,11491.77091,5428.63112
S84-T3,S84,48.863766,2.41177,1,104 RUE LOUIS LUMIERE,Paris,75020,"CHAdeMO, T2, T3, E/F, Combo",11491.77091,5428.63112
S85-T1,S85,48.872192,2.377671,1,6 RUE DE BELLEVILLE,Paris,75020,"T2, E/F, Combo, CHAdeMO, T3",8992.19895,6366.61344
S85-T2,S85,48.872192,2.377671,1,6 RUE DE BELLEVILLE,Paris,75020,E/F,8992.19895,6366.61344
S85-T3,S85,48.872192,2.377671,0,6 RUE DE BELLEVILLE,Paris,75020,"E/F, T2, Combo, CHAdeMO, T3",8992.19895,6366.61344
S86-T1,S86,48.89061,2.35423,1,27 RUE ORDENER,Paris,75018,"CHAdeMO, Combo, T2, T3, E/F",7273.894415,8416.9052
S86-T2,S86,48.89061,2.35423,1,27 RUE ORDENER,Paris,75018,E/F,7273.894415,8416.9052
S86-T3,S86,48.89061,2.35423,0,27 RUE ORDENER,Paris,75018,"T3, Combo, CHAdeMO, E/F, T2",7273.894415,8416.9052
S87-T1,S87,48.865097,2.36554,1,27 BOULEVARD DU TEMPLE,Paris,75003,"E/F, CHAdeMO, T2, Combo, T3",8102.955645,5576.79804
S87-T2,S87,48.865097,2.36554,1,27 BOULEVARD DU TEMPLE,Paris,75003,E/F,8102.955645,5576.79804
S87-T3,S87,48.865097,2.36554,1,27 BOULEVARD DU TEMPLE,Paris,75003,"T3, E/F, Combo, CHAdeMO, T2",8102.955645,5576.79804
S88-T1,S88,48.82312,2.367798,1,118 RUE REGNAULT,Paris,75013,"Combo, CHAdeMO, T2, T3, E/F",8268.474677,903.9184
S88-T2,S88,48.82312,2.367798,1,118 RUE REGNAULT,Paris,75013,E/F,8268.474677,903.9184
S88-T3,S88,48.82312,2.367798,1,118 RUE REGNAULT,Paris,75013,"E/F, CHAdeMO, T3, Combo, T2",8268.474677,903.9184
S89-T1,S89,48.88842,2.388149,1,9 RUE ADOLPHE MILLE,Paris,75019,"T3, E/F, CHAdeMO, Combo, T2",9760.271767,8173.1144
S89-T2,S89,48.88842,2.388149,0,9 RUE ADOLPHE MILLE,Paris,75019,E/F,9760.271767,8173.1144
S89-T3,S89,48.88842,2.388149,1,9 RUE ADOLPHE MILLE,Paris,75019,"E/F, Combo, T2, CHAdeMO, T3",9760.271767,8173.1144
S9-T1,S9,48.878965,2.293606,1,36 AVENUE DES TERNES,Paris,75017,"Combo, CHAdeMO, E/F, T3, T2",2829.950295,7120.5838
S9-T2,S9,48.878965,2.293606,1,36 AVENUE DES TERNES,Paris,75017,E/F,2829.950295,7120.5838
S9-T3,S9,48.878965,2.293606,1,36 AVENUE DES TERNES,Paris,75017,"Combo, CHAdeMO, E/F, T3, T2",2829.950295,7120.5838
S91-T1,S91,48.857094,2.403802,1,127 RUE DES PYRENEES,Paris,75020,"T3, Combo, CHAdeMO, T2, E/F",10907.68958,4685.90408
S91-T2,S91,48.857094,2.403802,0,127 RUE DES PYRENEES,Paris,75020,E/F,10907.68958,4685.90408
S91-T3,S91,48.857094,2.403802,1,127 RUE DES PYRENEES,Paris,75020,"E/F, CHAdeMO, T2, T3, Combo",10907.68958,4685.90408
S92-T1,S92,48.841663,2.286931,1,99 Rue de la Convention,Paris,75015,"E/F, Combo, T2, T3, CHAdeMO",2340.650232,2968.12516
S92-T2,S92,48.841663,2.286931,1,99 Rue de la Convention,Paris,75015,E/F,2340.650232,2968.12516
S92-T3,S92,48.841663,2.286931,1,99 Rue de la Convention,Paris,75015,"CHAdeMO, T2, Combo, T3, E/F",2340.650232,2968.12516
S93-T1,S93,48.859184,2.273944,1,12 Boulevard Emile Augier,Paris,75116,"Combo, CHAdeMO, E/F, T2, T3",1388.659234,4918.56288
S93-T2,S93,48.859184,2.273944,1,12 Boulevard Emile Augier,Paris,75116,E/F,1388.659234,4918.56288
S93-T3,S93,48.859184,2.273944,1,12 Boulevard Emile Augier,Paris,75116,"CHAdeMO, T3, E/F, Combo, T2",1388.659234,4918.56288
S94-T1,S94,48.833603,2.389173,0,54 Rue Baron Leroy,Paris,75013,"CHAdeMO, T3, Combo, T2, E/F",9835.334429,2070.88596
S94-T2,S94,48.833603,2.389173,1,54 Rue Baron Leroy,Paris,75013,E/F,9835.334429,2070.88596
S94-T3,S94,48.833603,2.389173,1,54 Rue Baron Leroy,Paris,75013,"T2, T3, Combo, CHAdeMO, E/F",9835.334429,2070.88596
S95-T1,S95,48.868511,2.295469,1,37 Avenue iena,Paris,75016,"E/F, Combo, CHAdeMO, T2, T3",2966.514492,5956.84452
S95-T2,S95,48.868511,2.295469,1,37 Avenue iena,Paris,75016,E/F,2966.514492,5956.84452
S95-T3,S95,48.868511,2.295469,1,37 Avenue iena,Paris,75016,"CHAdeMO, T2, T3, E/F, Combo",2966.514492,5956.84452
S96-T1,S96,48.835499,2.34965,1,21 Rue Berbier du Mets,Paris,75013,"CHAdeMO, T2, Combo, T3, E/F",6938.164934,2281.94868
S96-T2,S96,48.835499,2.34965,1,21 Rue Berbier du Mets,Paris,75013,E/F,6938.164934,2281.94868
S96-T3,S96,48.835499,2.34965,0,21 Rue Berbier du Mets,Paris,75013,"Combo, T2, E/F, CHAdeMO, T3",6938.164934,2281.94868
S97-T1,S97,48.839947,2.397822,1,5 Rue Docteur Goujon,Paris,75012,"CHAdeMO, Combo, T2, T3, E/F",10469.33536,2777.10004
S97-T2,S97,48.839947,2.397822,1,5 Rue Docteur Goujon,Paris,75012,E/F,10469.33536,2777.10004
S97-T3,S97,48.839947,2.397822,1,5 Rue Docteur Goujon,Paris,75012,"CHAdeMO, T3, Combo, T2, E/F",10469.33536,2777.10004
S98-T1,S98,48.84998,2.36192,1,4 quai Henry IV,Paris,75004,"Combo, T2, T3, E/F, CHAdeMO",7837.597409,3893.9736
S98-T2,S98,48.84998,2.36192,0,4 quai Henry IV,Paris,75004,E/F,7837.597409,3893.9736
S98-T3,S98,48.84998,2.36192,1,4 quai Henry IV,Paris,75004,"T2, T3, Combo, E/F, CHAdeMO",7837.597409,3893.9736
S99-T1,S99,48.8778,2.39182,0,14 rue de Crimée,Paris,75019,"CHAdeMO, T3, E/F, Combo, T2",10029.36848,6990.896
S99-T2,S99,48.8778,2.39182,1,14 rue de Crimée,Paris,75019,E/F,10029.36848,6990.896
S99-T3,S99,48.8778,2.39182,0,14 rue de Crimée,Paris,75019,"CHAdeMO, T2, E/F, Combo, T3",10029.36848,6990.896